,nmi_score,ami_score,mi_score,ar_score,cs_score,fm_score,hs_score,vm_score
mod vs. wt,0.38496032446,0.184582090738,1.00160314488,0.0884315746812,0.222526855831,0.233443074147,0.665962096372,0.33358760633
km_10 vs. km_100,0.504447420698,0.352015547583,0.967751837429,0.376007061049,0.354585797987,0.554609608528,0.717646340302,0.474649455396
