,nmi_score,ami_score,mi_score,ar_score,cs_score,fm_score,hs_score,vm_score
mod vs. wt,0.38496032446,0.184582090738,1.00160314488,0.0884315746812,0.222526855831,0.233443074147,0.665962096372,0.33358760633
km_10 vs. km_100,0.433438176919,0.297670439186,1.30152908332,0.108179436728,0.300318330533,0.22097941389,0.625565055846,0.405814935175
