CLid,indegree,l_pagerank,age
810012,0,-1.38629436112,0
84581,0,-1.38629436112,6
84582,0,-1.38629436112,1
84583,0,-1.38629436112,0
